{"cameraMode":{"drawMode":0,"name":"Shaded","section":"Shading Mode"},"sceneLighting":true,"audioPlay":false,"sceneViewState":{"m_AlwaysRefresh":false,"showFog":true,"showSkybox":true,"showFlares":true,"showImageEffects":true,"showParticleSystems":true,"showVisualEffectGraphs":true,"m_FxEnabled":true},"in2DMode":false,"pivot":{"x":8.615793228149414,"y":5.161959648132324,"z":-0.6209726333618164},"rotation":{"x":-0.051965951919555667,"y":-0.17524456977844239,"z":0.009263209998607636,"w":-0.9831085801124573},"size":6.205425262451172,"orthographic":true}